Premlata,Kumari,premlata@gmail.com,plata
rahul,kumar,rahul@gmail.com,rahul
hera,hassan,hera@gmail.com,hera
rahul,kumar,rahul@gmail.com,rahul
roshni,kri,roshni@gmail.com,roshni
roshni1,kri1,roshni1@gmail.com,roshni1
piyush,kumar,piyush@gmail.com,piyush
swapna,das,xyz@gmail.com,12345
pooja,rani,rani.pooja.uit@gmail.com,pari
roshni,k,roshni@gmail.com,roshni
guriya,k,guriyakumari@gmail.com,123456
